CHR1,SNP1,CHR2,SNP2,BETA_INT,STAT,P
6,rs2239526,6,rs3763312,-0.0236627,17.7293,2.548e-05
6,rs3094187,6,rs12174396,0.0293617,18.4344,1.76e-05
5,rs252152,20,rs6038577,-0.031731,15.1835,9.759e-05
7,rs17146253,17,rs11649836,-0.0253844,15.1402,9.985e-05
3,rs11928941,20,rs6062298,0.0354176,16.1925,5.725e-05
6,rs62431928,8,rs2197890,-0.0501371,18.1573,2.035e-05
1,rs12023499,2,rs4538243,-0.0203442,15.3585,8.896e-05
12,rs3825080,13,rs17072871,0.0261827,20.7397,5.267e-06
8,rs2843837,11,rs4753064,-0.0222619,20.8163,5.06e-06
16,rs13332952,16,rs2270395,0.0204441,20.0335,7.617e-06
1,rs12117400,15,rs10468064,-0.0635579,18.5965,1.616e-05
7,rs2158562,9,rs4149274,0.0166772,15.575,7.933e-05
4,rs6848311,6,rs13437088,0.0216167,17.0188,3.703e-05
1,rs12731740,7,rs17168486,-0.0327149,16.8773,3.99e-05
8,rs2979655,17,rs113366589,-0.0348879,15.1691,9.834e-05
10,rs78419161,12,rs11564148,-0.0271689,16.5673,4.698e-05
2,rs10203131,3,rs4677722,0.0185226,17.4253,2.99e-05
17,rs11555255,19,rs2271883,-0.0230339,16.8456,4.057e-05
6,rs2621377,6,rs2284190,-0.02315,15.4468,8.49e-05
2,rs7564732,14,rs881035,0.0273641,22.3074,2.326e-06
6,rs71536153,6,rs719654,0.0340545,47.2762,6.203e-12
5,rs9292764,5,rs7725639,0.0417719,90.1298,2.269e-21
6,rs2858324,6,rs2621377,0.0282107,54.5456,1.531e-13
6,rs3135392,6,rs9271588,0.0250639,43.1354,5.134e-11
6,rs12528584,6,rs537160,0.0375386,45.2704,1.726e-11
6,rs6904636,6,rs9469220,0.0275591,55.0377,1.192e-13
6,rs454748,6,rs3177928,0.0439212,64.9619,7.716e-16
6,rs17496307,6,rs241424,0.0612783,100.636,1.128e-23
6,rs2073048,6,rs9391858,-0.0498067,56.556,5.508e-14
6,rs2072633,6,rs2097431,0.0260205,44.8382,2.152e-11
1,rs10889668,1,rs6669582,0.0461081,62.1952,3.141e-15
6,rs454748,6,rs17496307,0.0486458,66.9622,2.798e-16
6,rs1475961,6,rs114508509,-0.0342503,42.8401,5.97e-11
6,rs2143466,6,rs2294883,0.0366619,53.553,2.536e-13
6,rs3134931,6,rs3135377,-0.0347882,49.1974,2.33e-12
3,rs2267844,3,rs11720964,0.024853,42.7113,6.376e-11
6,rs7764856,6,rs1044043,-0.0350487,48.4683,3.378e-12
6,rs9268199,6,rs3135377,0.0367331,46.2689,1.037e-11
6,rs592229,6,rs2294883,0.0330772,47.4881,5.568e-12
6,rs12528584,6,rs1048709,0.0455258,50.1261,1.452e-12
